,ExistingChecking,Duration,CreditHistory,Purpose,CreditAmount,SavingsAccount,EmploymentSince,InstallmentRatePercentage,PersonalStatusSex,OtherDebtors,PresentResidenceSince,Property,Age,OtherInstallmentPlans,Housing,ExistingCreditsAtBank,Job,PeopleLiableToProvideMaintenance,Telephone,ForeignWorker,Label
0,A12,24,A33,A40,1965,A65,A73,4,A92,A101,4,A123,42,A143,A151,2,A173,1,A192,A201,Bad
0,A12,7,A33,A40,2069.159328760985,A65,A73,4,A92,A101,3.785030909928807,A121,42,A143,A152,2.1903511189399505,A173,1,A191,A201,Good
1,A12,8,A33,A40,1954.3005699784942,A65,A73,4,A92,A101,3.7316880824429446,A121,42,A143,A152,2.2497756734498333,A173,1,A192,A201,Good
2,A12,9,A34,A40,1659.3363352859599,A65,A73,4,A92,A101,3.827406042263925,A121,42,A143,A151,2.0951672912098633,A173,1,A191,A201,Good
3,A12,10,A34,A40,1924.6843344842196,A65,A73,4,A92,A101,3.999999957049154,A121,42,A143,A152,2.1598671739812954,A173,1,A191,A201,Good
4,A12,11,A34,A40,1870.0953817025154,A65,A73,4,A92,A101,3.8091406240624575,A121,42,A143,A151,2.156499658352517,A173,1,A192,A201,Good
