,ExistingChecking,Duration,CreditHistory,Purpose,CreditAmount,SavingsAccount,EmploymentSince,InstallmentRatePercentage,PersonalStatusSex,OtherDebtors,PresentResidenceSince,Property,Age,OtherInstallmentPlans,Housing,ExistingCreditsAtBank,Job,PeopleLiableToProvideMaintenance,Telephone,ForeignWorker,Label
0,A12,42,A31,A41,9283,A61,A71,1,A93,A101,2,A124,55,A141,A153,1,A174,1,A192,A201,Bad
0,A11,31,A34,A41,9608.806265475065,A61,A73,1,A93,A101,2.5076185669569306,A124,55,A143,A152,1.228071452379583,A174,1,A192,A201,Good
1,A11,33,A34,A41,9768.676784072162,A61,A71,1,A93,A101,2.5808911004175896,A124,55,A143,A153,1.0961227958885282,A174,1,A192,A201,Good
2,A12,30,A32,A41,9109.697810658596,A65,A71,1,A93,A101,2.6024163050640756,A124,55,A143,A152,1.242140362982569,A174,1,A192,A201,Good
3,A12,31,A33,A41,9282.563559666238,A65,A75,1,A93,A101,2.4405288012195387,A124,55,A141,A153,1.2699978569019146,A174,1,A192,A201,Good
4,A14,30,A32,A41,9515.911580881992,A65,A73,1,A93,A101,2.539836767852316,A124,55,A143,A153,1.2535199602304012,A174,1,A192,A201,Good
